<application>
  <component name="ProjectJdkTable">
    <jdk version="2">
      <name value="Python 3.8" />
      <type value="Python SDK" />
      <version value="Python 3.8.5" />
      <homePath value="/usr/bin/python3.8" />
      <roots>
        <classPath>
          <root type="composite">
            <root url="file:///usr/lib/python3.8" type="simple" />
            <root url="file:///usr/lib/python3.8/lib-dynload" type="simple" />
            <root url="file://$USER_HOME$/.local/lib/python3.8/site-packages" type="simple" />
            <root url="file:///usr/local/lib/python3.8/dist-packages" type="simple" />
            <root url="file:///usr/lib/python3/dist-packages" type="simple" />
            <root url="file://$USER_HOME$/.cache/JetBrains/PyCharmCE2020.2/python_stubs/-1247971761" type="simple" />
            <root url="file://$APPLICATION_HOME_DIR$/plugins/python-ce/helpers/python-skeletons" type="simple" />
            <root url="file://$APPLICATION_HOME_DIR$/plugins/python-ce/helpers/typeshed/stdlib/3.7" type="simple" />
            <root url="file://$APPLICATION_HOME_DIR$/plugins/python-ce/helpers/typeshed/stdlib/3" type="simple" />
            <root url="file://$APPLICATION_HOME_DIR$/plugins/python-ce/helpers/typeshed/stdlib/2and3" type="simple" />
            <root url="file://$APPLICATION_HOME_DIR$/plugins/python-ce/helpers/typeshed/third_party/3" type="simple" />
            <root url="file://$APPLICATION_HOME_DIR$/plugins/python-ce/helpers/typeshed/third_party/2and3" type="simple" />
          </root>
        </classPath>
        <sourcePath>
          <root type="composite" />
        </sourcePath>
      </roots>
      <additional />
    </jdk>
    <jdk version="2">
      <name value="Python 3.8 (PycharmProjects)" />
      <type value="Python SDK" />
      <version value="Python 3.8.5" />
      <homePath value="$USER_HOME$/PycharmProjects/dwip-bokeh/venv/bin/python3.8" />
      <roots>
        <classPath>
          <root type="composite">
            <root url="file:///usr/lib/python3.8" type="simple" />
            <root url="file:///usr/lib/python3.8/lib-dynload" type="simple" />
            <root url="file://$USER_HOME$/PycharmProjects/dwip-bokeh/venv/lib/python3.8/site-packages" type="simple" />
            <root url="file://$USER_HOME$/.cache/JetBrains/PyCharmCE2020.2/python_stubs/1561511691" type="simple" />
            <root url="file://$APPLICATION_HOME_DIR$/plugins/python-ce/helpers/python-skeletons" type="simple" />
            <root url="file://$APPLICATION_HOME_DIR$/plugins/python-ce/helpers/typeshed/stdlib/3.7" type="simple" />
            <root url="file://$APPLICATION_HOME_DIR$/plugins/python-ce/helpers/typeshed/stdlib/3" type="simple" />
            <root url="file://$APPLICATION_HOME_DIR$/plugins/python-ce/helpers/typeshed/stdlib/2and3" type="simple" />
            <root url="file://$APPLICATION_HOME_DIR$/plugins/python-ce/helpers/typeshed/third_party/3" type="simple" />
            <root url="file://$APPLICATION_HOME_DIR$/plugins/python-ce/helpers/typeshed/third_party/2and3" type="simple" />
          </root>
        </classPath>
        <sourcePath>
          <root type="composite" />
        </sourcePath>
      </roots>
      <additional ASSOCIATED_PROJECT_PATH="$USER_HOME$/PycharmProjects" />
    </jdk>
  </component>
</application>